{
  "魔力": {
    "定義": "すべての生命体の内側に宿る、個別性を持つ未知エネルギー体。",
    "特徴": [
      "個体ごとに性質・形状が異なる（炎状、液体状、粒子状、など）",
      "同一の性質は二つと存在しない（唯一性）",
      "外部との共有・貸し借り・複製は不可能",
      "完全に身体内にのみ宿り、大気中には存在しない"
    ],
    "例": [
      "黄金の炎（高温かつ腐食性を持つ）",
      "傷を癒す15℃の赤い液体状魔力",
      "重さを操る黒針状魔力 など"
    ]
  },
  "魔法": {
    "定義": "魔力を外部に作用させる技術体系全般を指す。",
    "構成要素": [
      "魔力（内的エネルギー）",
      "カタリスト（媒体・道具）",
      "詠唱または意志（制御・命令系統）"
    ],
    "使用可能者": [
      "魔法の才能を持つ者のみ",
      "一般人のうち 3〜4人に1人の割合で魔力制御が可能",
      "一部では遺伝的・種族的に高い適性を持つ者も存在（エルフなど）"
    ]
  },
  "カタリスト": {
    "定義": "魔力を現象化・構造変化・拡張するための器具・媒体。",
    "種類の例": [
      "ブラッドカタリスト（自身の血液を魔力に変質し体外に現像化）",
      "ファントムカタリスト（魔物の霊体と契約し、契約した魔物の魂に自身の魔力で構築した肉体を与え召喚）"
    ],
    "備考": "一部の魔法はカタリストを介さずとも発動できるが、効率・精度が著しく落ちる。"
  }
}